annee,code,valeur,source
1986,CM_ECMR_C_IMR,88.0,EDS/DHS
1986,CM_ECMR_C_IMR,91.0,EDS/DHS
1993,CM_ECMR_C_IMR,68.0,EDS/DHS
1993,CM_ECMR_C_IMR,76.0,EDS/DHS
1997,CM_ECMR_C_IMR,68.0,EDS/DHS
1997,CM_ECMR_C_IMR,69.0,EDS/DHS
2005,CM_ECMR_C_IMR,61.0,EDS/DHS
2005,CM_ECMR_C_IMR,71.0,EDS/DHS
2008,CM_ECMR_C_IMR,54.0,EDS/DHS
2008,CM_ECMR_C_IMR,61.0,EDS/DHS
2010,CM_ECMR_C_IMR,47.0,EDS/DHS
2010,CM_ECMR_C_IMR,53.0,EDS/DHS
2012,CM_ECMR_C_IMR,43.0,EDS/DHS
2012,CM_ECMR_C_IMR,49.0,EDS/DHS
2014,CM_ECMR_C_IMR,33.0,EDS/DHS
2014,CM_ECMR_C_IMR,39.0,EDS/DHS
2015,CM_ECMR_C_IMR,39.0,EDS/DHS
2015,CM_ECMR_C_IMR,43.0,EDS/DHS
2016,CM_ECMR_C_IMR,36.0,EDS/DHS
2016,CM_ECMR_C_IMR,40.0,EDS/DHS
2017,CM_ECMR_C_IMR,42.0,EDS/DHS
2017,CM_ECMR_C_IMR,42.0,EDS/DHS
2018,CM_ECMR_C_IMR,37.0,EDS/DHS
2018,CM_ECMR_C_IMR,41.0,EDS/DHS
2019,CM_ECMR_C_IMR,29.0,EDS/DHS
2019,CM_ECMR_C_IMR,36.0,EDS/DHS
2023,CM_ECMR_C_IMR,31.0,EDS/DHS
2023,CM_ECMR_C_IMR,33.0,EDS/DHS
1986,CM_ECMR_C_NNR,46.0,EDS/DHS
1986,CM_ECMR_C_NNR,48.0,EDS/DHS
1993,CM_ECMR_C_NNR,35.0,EDS/DHS
1993,CM_ECMR_C_NNR,41.0,EDS/DHS
1997,CM_ECMR_C_NNR,37.0,EDS/DHS
1997,CM_ECMR_C_NNR,38.0,EDS/DHS
2005,CM_ECMR_C_NNR,35.0,EDS/DHS
2005,CM_ECMR_C_NNR,41.0,EDS/DHS
2008,CM_ECMR_C_NNR,33.0,EDS/DHS
2008,CM_ECMR_C_NNR,38.0,EDS/DHS
2010,CM_ECMR_C_NNR,29.0,EDS/DHS
2010,CM_ECMR_C_NNR,32.0,EDS/DHS
2012,CM_ECMR_C_NNR,26.0,EDS/DHS
2012,CM_ECMR_C_NNR,31.0,EDS/DHS
2014,CM_ECMR_C_NNR,19.0,EDS/DHS
2014,CM_ECMR_C_NNR,21.0,EDS/DHS
2015,CM_ECMR_C_NNR,23.0,EDS/DHS
2015,CM_ECMR_C_NNR,26.0,EDS/DHS
2016,CM_ECMR_C_NNR,21.0,EDS/DHS
2016,CM_ECMR_C_NNR,24.0,EDS/DHS
2017,CM_ECMR_C_NNR,28.0,EDS/DHS
2017,CM_ECMR_C_NNR,28.0,EDS/DHS
2018,CM_ECMR_C_NNR,23.0,EDS/DHS
2018,CM_ECMR_C_NNR,25.0,EDS/DHS
2019,CM_ECMR_C_NNR,21.0,EDS/DHS
2019,CM_ECMR_C_NNR,24.0,EDS/DHS
2023,CM_ECMR_C_NNR,23.0,EDS/DHS
2023,CM_ECMR_C_NNR,24.0,EDS/DHS
1986,CM_ECMR_C_U5M,195.0,EDS/DHS
1986,CM_ECMR_C_U5M,211.0,EDS/DHS
1993,CM_ECMR_C_U5M,132.0,EDS/DHS
1993,CM_ECMR_C_U5M,157.0,EDS/DHS
1997,CM_ECMR_C_U5M,139.0,EDS/DHS
1997,CM_ECMR_C_U5M,139.0,EDS/DHS
2005,CM_ECMR_C_U5M,121.0,EDS/DHS
2005,CM_ECMR_C_U5M,135.0,EDS/DHS
2008,CM_ECMR_C_U5M,85.0,EDS/DHS
2008,CM_ECMR_C_U5M,100.0,EDS/DHS
2010,CM_ECMR_C_U5M,72.0,EDS/DHS
2010,CM_ECMR_C_U5M,87.0,EDS/DHS
2012,CM_ECMR_C_U5M,65.0,EDS/DHS
2012,CM_ECMR_C_U5M,74.0,EDS/DHS
2014,CM_ECMR_C_U5M,54.0,EDS/DHS
2014,CM_ECMR_C_U5M,62.0,EDS/DHS
2015,CM_ECMR_C_U5M,59.0,EDS/DHS
2015,CM_ECMR_C_U5M,66.0,EDS/DHS
2016,CM_ECMR_C_U5M,51.0,EDS/DHS
2016,CM_ECMR_C_U5M,59.0,EDS/DHS
2017,CM_ECMR_C_U5M,56.0,EDS/DHS
2017,CM_ECMR_C_U5M,60.0,EDS/DHS
2018,CM_ECMR_C_U5M,51.0,EDS/DHS
2018,CM_ECMR_C_U5M,58.0,EDS/DHS
2019,CM_ECMR_C_U5M,37.0,EDS/DHS
2019,CM_ECMR_C_U5M,48.0,EDS/DHS
2023,CM_ECMR_C_U5M,40.0,EDS/DHS
2023,CM_ECMR_C_U5M,42.0,EDS/DHS
1993,CN_NUTS_C_HA2,29.5,EDS/DHS
2005,CN_NUTS_C_HA2,19.6,EDS/DHS
2010,CN_NUTS_C_HA2,26.5,EDS/DHS
2012,CN_NUTS_C_HA2,18.7,EDS/DHS
2014,CN_NUTS_C_HA2,18.7,EDS/DHS
2015,CN_NUTS_C_HA2,20.5,EDS/DHS
2016,CN_NUTS_C_HA2,17.0,EDS/DHS
2017,CN_NUTS_C_HA2,16.5,EDS/DHS
2018,CN_NUTS_C_HA2,18.8,EDS/DHS
2019,CN_NUTS_C_HA2,17.9,EDS/DHS
2023,CN_NUTS_C_HA2,17.5,EDS/DHS
2005,ED_LITR_W_LIT,34.6,EDS/DHS
2006,ED_LITR_W_LIT,31.8,EDS/DHS
2008,ED_LITR_W_LIT,37.0,EDS/DHS
2010,ED_LITR_W_LIT,37.8,EDS/DHS
2012,ED_LITR_W_LIT,39.0,EDS/DHS
2014,ED_LITR_W_LIT,40.8,EDS/DHS
2015,ED_LITR_W_LIT,42.1,EDS/DHS
2016,ED_LITR_W_LIT,44.9,EDS/DHS
2017,ED_LITR_W_LIT,47.4,EDS/DHS
2018,ED_LITR_W_LIT,48.7,EDS/DHS
2019,ED_LITR_W_LIT,47.4,EDS/DHS
2020,ED_LITR_W_LIT,47.3,EDS/DHS
2023,ED_LITR_W_LIT,50.6,EDS/DHS
1986,FE_FRTR_W_TFR,6.4,EDS/DHS
1993,FE_FRTR_W_TFR,6.0,EDS/DHS
1997,FE_FRTR_W_TFR,5.7,EDS/DHS
2005,FE_FRTR_W_TFR,5.3,EDS/DHS
2006,FE_FRTR_W_TFR,4.9,EDS/DHS
2008,FE_FRTR_W_TFR,4.9,EDS/DHS
2010,FE_FRTR_W_TFR,5.0,EDS/DHS
2012,FE_FRTR_W_TFR,5.3,EDS/DHS
2014,FE_FRTR_W_TFR,5.0,EDS/DHS
2015,FE_FRTR_W_TFR,4.9,EDS/DHS
2016,FE_FRTR_W_TFR,4.7,EDS/DHS
2017,FE_FRTR_W_TFR,4.6,EDS/DHS
2018,FE_FRTR_W_TFR,4.4,EDS/DHS
2019,FE_FRTR_W_TFR,4.7,EDS/DHS
2020,FE_FRTR_W_TFR,3.9,EDS/DHS
2023,FE_FRTR_W_TFR,4.0,EDS/DHS
1986,FP_CUSM_W_MOD,2.4,EDS/DHS
1993,FP_CUSM_W_MOD,4.8,EDS/DHS
1997,FP_CUSM_W_MOD,8.1,EDS/DHS
2005,FP_CUSM_W_MOD,10.3,EDS/DHS
2010,FP_CUSM_W_MOD,12.1,EDS/DHS
2012,FP_CUSM_W_MOD,16.1,EDS/DHS
2014,FP_CUSM_W_MOD,20.3,EDS/DHS
2015,FP_CUSM_W_MOD,21.2,EDS/DHS
2016,FP_CUSM_W_MOD,23.1,EDS/DHS
2017,FP_CUSM_W_MOD,26.3,EDS/DHS
2018,FP_CUSM_W_MOD,25.4,EDS/DHS
2019,FP_CUSM_W_MOD,25.5,EDS/DHS
2023,FP_CUSM_W_MOD,25.6,EDS/DHS
1993,HC_ELEC_H_ELC,26.0,EDS/DHS
1997,HC_ELEC_H_ELC,32.2,EDS/DHS
2005,HC_ELEC_H_ELC,47.1,EDS/DHS
2006,HC_ELEC_H_ELC,49.9,EDS/DHS
2008,HC_ELEC_H_ELC,53.5,EDS/DHS
2010,HC_ELEC_H_ELC,56.5,EDS/DHS
2012,HC_ELEC_H_ELC,57.0,EDS/DHS
2014,HC_ELEC_H_ELC,61.0,EDS/DHS
2015,HC_ELEC_H_ELC,60.5,EDS/DHS
2016,HC_ELEC_H_ELC,64.5,EDS/DHS
2017,HC_ELEC_H_ELC,63.3,EDS/DHS
2018,HC_ELEC_H_ELC,67.5,EDS/DHS
2019,HC_ELEC_H_ELC,70.3,EDS/DHS
2020,HC_ELEC_H_ELC,67.3,EDS/DHS
2023,HC_ELEC_H_ELC,77.0,EDS/DHS
1993,RH_DELP_C_DHF,47.5,EDS/DHS
1993,RH_DELP_C_DHF,46.9,EDS/DHS
1993,RH_DELP_C_DHF,47.0,EDS/DHS
1997,RH_DELP_C_DHF,48.4,EDS/DHS
1997,RH_DELP_C_DHF,48.0,EDS/DHS
1997,RH_DELP_C_DHF,48.6,EDS/DHS
2005,RH_DELP_C_DHF,63.6,EDS/DHS
2005,RH_DELP_C_DHF,61.8,EDS/DHS
2005,RH_DELP_C_DHF,63.1,EDS/DHS
2010,RH_DELP_C_DHF,72.9,EDS/DHS
2010,RH_DELP_C_DHF,72.8,EDS/DHS
2010,RH_DELP_C_DHF,72.9,EDS/DHS
2012,RH_DELP_C_DHF,72.4,EDS/DHS
2012,RH_DELP_C_DHF,71.3,EDS/DHS
2012,RH_DELP_C_DHF,72.6,EDS/DHS
2014,RH_DELP_C_DHF,77.9,EDS/DHS
2014,RH_DELP_C_DHF,76.9,EDS/DHS
2014,RH_DELP_C_DHF,77.8,EDS/DHS
2015,RH_DELP_C_DHF,75.4,EDS/DHS
2015,RH_DELP_C_DHF,74.5,EDS/DHS
2015,RH_DELP_C_DHF,74.9,EDS/DHS
2016,RH_DELP_C_DHF,77.1,EDS/DHS
2016,RH_DELP_C_DHF,75.9,EDS/DHS
2016,RH_DELP_C_DHF,77.1,EDS/DHS
2017,RH_DELP_C_DHF,79.8,EDS/DHS
2017,RH_DELP_C_DHF,78.2,EDS/DHS
2017,RH_DELP_C_DHF,80.3,EDS/DHS
2018,RH_DELP_C_DHF,83.0,EDS/DHS
2018,RH_DELP_C_DHF,81.7,EDS/DHS
2018,RH_DELP_C_DHF,84.4,EDS/DHS
2019,RH_DELP_C_DHF,82.4,EDS/DHS
2019,RH_DELP_C_DHF,80.3,EDS/DHS
2019,RH_DELP_C_DHF,83.1,EDS/DHS
2023,RH_DELP_C_DHF,92.1,EDS/DHS
2023,RH_DELP_C_DHF,92.3,EDS/DHS
1993,WS_SRCE_H_IMP,52.0,EDS/DHS
1997,WS_SRCE_H_IMP,53.3,EDS/DHS
2005,WS_SRCE_H_IMP,70.6,EDS/DHS
2006,WS_SRCE_H_IMP,73.1,EDS/DHS
2008,WS_SRCE_H_IMP,74.3,EDS/DHS
2010,WS_SRCE_H_IMP,79.7,EDS/DHS
2012,WS_SRCE_H_IMP,78.8,EDS/DHS
2014,WS_SRCE_H_IMP,83.7,EDS/DHS
2015,WS_SRCE_H_IMP,78.6,EDS/DHS
2016,WS_SRCE_H_IMP,85.6,EDS/DHS
2017,WS_SRCE_H_IMP,85.1,EDS/DHS
2018,WS_SRCE_H_IMP,85.6,EDS/DHS
2019,WS_SRCE_H_IMP,86.2,EDS/DHS
2020,WS_SRCE_H_IMP,88.7,EDS/DHS
2023,WS_SRCE_H_IMP,90.9,EDS/DHS
1960,SH.DYN.MORT,295.3,Banque mondiale
1961,SH.DYN.MORT,295.4,Banque mondiale
1962,SH.DYN.MORT,296.0,Banque mondiale
1963,SH.DYN.MORT,296.8,Banque mondiale
1964,SH.DYN.MORT,297.3,Banque mondiale
1965,SH.DYN.MORT,297.4,Banque mondiale
1966,SH.DYN.MORT,296.9,Banque mondiale
1967,SH.DYN.MORT,295.9,Banque mondiale
1968,SH.DYN.MORT,294.3,Banque mondiale
1969,SH.DYN.MORT,291.9,Banque mondiale
1970,SH.DYN.MORT,288.3,Banque mondiale
1971,SH.DYN.MORT,283.5,Banque mondiale
1972,SH.DYN.MORT,277.3,Banque mondiale
1973,SH.DYN.MORT,270.1,Banque mondiale
1974,SH.DYN.MORT,261.9,Banque mondiale
1975,SH.DYN.MORT,252.7,Banque mondiale
1976,SH.DYN.MORT,242.2,Banque mondiale
1977,SH.DYN.MORT,231.3,Banque mondiale
1978,SH.DYN.MORT,221.1,Banque mondiale
1979,SH.DYN.MORT,212.0,Banque mondiale
1980,SH.DYN.MORT,204.2,Banque mondiale
1981,SH.DYN.MORT,197.6,Banque mondiale
1982,SH.DYN.MORT,191.7,Banque mondiale
1983,SH.DYN.MORT,185.7,Banque mondiale
1984,SH.DYN.MORT,178.9,Banque mondiale
1985,SH.DYN.MORT,171.1,Banque mondiale
1986,SH.DYN.MORT,162.6,Banque mondiale
1987,SH.DYN.MORT,154.3,Banque mondiale
1988,SH.DYN.MORT,146.9,Banque mondiale
1989,SH.DYN.MORT,141.2,Banque mondiale
1990,SH.DYN.MORT,137.2,Banque mondiale
1991,SH.DYN.MORT,135.2,Banque mondiale
1992,SH.DYN.MORT,134.6,Banque mondiale
1993,SH.DYN.MORT,135.0,Banque mondiale
1994,SH.DYN.MORT,136.0,Banque mondiale
1995,SH.DYN.MORT,137.0,Banque mondiale
1996,SH.DYN.MORT,137.8,Banque mondiale
1997,SH.DYN.MORT,137.9,Banque mondiale
1998,SH.DYN.MORT,136.7,Banque mondiale
1999,SH.DYN.MORT,133.8,Banque mondiale
2000,SH.DYN.MORT,128.9,Banque mondiale
2001,SH.DYN.MORT,121.7,Banque mondiale
2002,SH.DYN.MORT,113.2,Banque mondiale
2003,SH.DYN.MORT,104.2,Banque mondiale
2004,SH.DYN.MORT,95.5,Banque mondiale
2005,SH.DYN.MORT,87.6,Banque mondiale
2006,SH.DYN.MORT,80.8,Banque mondiale
2007,SH.DYN.MORT,75.0,Banque mondiale
2008,SH.DYN.MORT,70.1,Banque mondiale
2009,SH.DYN.MORT,66.1,Banque mondiale
2010,SH.DYN.MORT,62.8,Banque mondiale
2011,SH.DYN.MORT,60.0,Banque mondiale
2012,SH.DYN.MORT,57.6,Banque mondiale
2013,SH.DYN.MORT,55.5,Banque mondiale
2014,SH.DYN.MORT,53.7,Banque mondiale
2015,SH.DYN.MORT,52.2,Banque mondiale
2016,SH.DYN.MORT,50.8,Banque mondiale
2017,SH.DYN.MORT,49.4,Banque mondiale
2018,SH.DYN.MORT,47.9,Banque mondiale
2019,SH.DYN.MORT,46.2,Banque mondiale
2020,SH.DYN.MORT,44.2,Banque mondiale
2021,SH.DYN.MORT,42.2,Banque mondiale
2022,SH.DYN.MORT,40.1,Banque mondiale
2023,SH.DYN.MORT,38.2,Banque mondiale
2024,SH.DYN.MORT,36.5,Banque mondiale
1991,SI.POV.DDAY,77.3,Banque mondiale
1994,SI.POV.DDAY,72.2,Banque mondiale
2001,SI.POV.DDAY,63.9,Banque mondiale
2005,SI.POV.DDAY,53.6,Banque mondiale
2011,SI.POV.DDAY,53.3,Banque mondiale
2018,SI.POV.DDAY,19.1,Banque mondiale
2021,SI.POV.DDAY,17.9,Banque mondiale
1991,SI.POV.GINI,54.0,Banque mondiale
1994,SI.POV.GINI,39.2,Banque mondiale
2001,SI.POV.GINI,41.2,Banque mondiale
2005,SI.POV.GINI,39.2,Banque mondiale
2011,SI.POV.GINI,40.3,Banque mondiale
2018,SI.POV.GINI,38.3,Banque mondiale
2021,SI.POV.GINI,36.2,Banque mondiale
2018,SI.POV.NAHC,37.8,Banque mondiale
2021,SI.POV.NAHC,37.5,Banque mondiale
1960,SP.DYN.LE00.IN,39.668,Banque mondiale
1961,SP.DYN.LE00.IN,39.715,Banque mondiale
1962,SP.DYN.LE00.IN,39.738,Banque mondiale
1963,SP.DYN.LE00.IN,39.745,Banque mondiale
1964,SP.DYN.LE00.IN,39.755,Banque mondiale
1965,SP.DYN.LE00.IN,39.761,Banque mondiale
1966,SP.DYN.LE00.IN,39.848,Banque mondiale
1967,SP.DYN.LE00.IN,39.992,Banque mondiale
1968,SP.DYN.LE00.IN,40.15,Banque mondiale
1969,SP.DYN.LE00.IN,40.398,Banque mondiale
1970,SP.DYN.LE00.IN,40.789,Banque mondiale
1971,SP.DYN.LE00.IN,41.243,Banque mondiale
1972,SP.DYN.LE00.IN,41.77,Banque mondiale
1973,SP.DYN.LE00.IN,42.429,Banque mondiale
1974,SP.DYN.LE00.IN,43.104,Banque mondiale
1975,SP.DYN.LE00.IN,43.938,Banque mondiale
1976,SP.DYN.LE00.IN,44.809,Banque mondiale
1977,SP.DYN.LE00.IN,45.714,Banque mondiale
1978,SP.DYN.LE00.IN,46.596,Banque mondiale
1979,SP.DYN.LE00.IN,47.478,Banque mondiale
1980,SP.DYN.LE00.IN,48.294,Banque mondiale
1981,SP.DYN.LE00.IN,49.083,Banque mondiale
1982,SP.DYN.LE00.IN,49.863,Banque mondiale
1983,SP.DYN.LE00.IN,50.811,Banque mondiale
1984,SP.DYN.LE00.IN,51.694,Banque mondiale
1985,SP.DYN.LE00.IN,52.586,Banque mondiale
1986,SP.DYN.LE00.IN,53.718,Banque mondiale
1987,SP.DYN.LE00.IN,54.632,Banque mondiale
1988,SP.DYN.LE00.IN,55.546,Banque mondiale
1989,SP.DYN.LE00.IN,56.209,Banque mondiale
1990,SP.DYN.LE00.IN,56.674,Banque mondiale
1991,SP.DYN.LE00.IN,57.037,Banque mondiale
1992,SP.DYN.LE00.IN,57.287,Banque mondiale
1993,SP.DYN.LE00.IN,57.348,Banque mondiale
1994,SP.DYN.LE00.IN,57.479,Banque mondiale
1995,SP.DYN.LE00.IN,57.336,Banque mondiale
1996,SP.DYN.LE00.IN,57.129,Banque mondiale
1997,SP.DYN.LE00.IN,57.107,Banque mondiale
1998,SP.DYN.LE00.IN,57.076,Banque mondiale
1999,SP.DYN.LE00.IN,57.315,Banque mondiale
2000,SP.DYN.LE00.IN,57.615,Banque mondiale
2001,SP.DYN.LE00.IN,58.158,Banque mondiale
2002,SP.DYN.LE00.IN,58.912,Banque mondiale
2003,SP.DYN.LE00.IN,59.474,Banque mondiale
2004,SP.DYN.LE00.IN,60.308,Banque mondiale
2005,SP.DYN.LE00.IN,60.98,Banque mondiale
2006,SP.DYN.LE00.IN,61.801,Banque mondiale
2007,SP.DYN.LE00.IN,62.653,Banque mondiale
2008,SP.DYN.LE00.IN,63.201,Banque mondiale
2009,SP.DYN.LE00.IN,63.751,Banque mondiale
2010,SP.DYN.LE00.IN,64.221,Banque mondiale
2011,SP.DYN.LE00.IN,64.799,Banque mondiale
2012,SP.DYN.LE00.IN,65.229,Banque mondiale
2013,SP.DYN.LE00.IN,65.638,Banque mondiale
2014,SP.DYN.LE00.IN,66.001,Banque mondiale
2015,SP.DYN.LE00.IN,66.451,Banque mondiale
2016,SP.DYN.LE00.IN,66.724,Banque mondiale
2017,SP.DYN.LE00.IN,67.059,Banque mondiale
2018,SP.DYN.LE00.IN,67.379,Banque mondiale
2019,SP.DYN.LE00.IN,67.668,Banque mondiale
2020,SP.DYN.LE00.IN,67.496,Banque mondiale
2021,SP.DYN.LE00.IN,66.868,Banque mondiale
2022,SP.DYN.LE00.IN,67.788,Banque mondiale
2023,SP.DYN.LE00.IN,68.683,Banque mondiale
2024,SP.DYN.LE00.IN,68.924,Banque mondiale
1960,SP.POP.0014.TO.ZS,44.1649528107188,Banque mondiale
1961,SP.POP.0014.TO.ZS,44.2555745516715,Banque mondiale
1962,SP.POP.0014.TO.ZS,44.2917922141044,Banque mondiale
1963,SP.POP.0014.TO.ZS,44.3211561228771,Banque mondiale
1964,SP.POP.0014.TO.ZS,44.3473802079943,Banque mondiale
1965,SP.POP.0014.TO.ZS,44.3485329581785,Banque mondiale
1966,SP.POP.0014.TO.ZS,44.3249361362501,Banque mondiale
1967,SP.POP.0014.TO.ZS,44.2888608109465,Banque mondiale
1968,SP.POP.0014.TO.ZS,44.2482538984632,Banque mondiale
1969,SP.POP.0014.TO.ZS,44.2138227603929,Banque mondiale
1970,SP.POP.0014.TO.ZS,44.1931430241065,Banque mondiale
1971,SP.POP.0014.TO.ZS,44.1913211689872,Banque mondiale
1972,SP.POP.0014.TO.ZS,44.2152441022134,Banque mondiale
1973,SP.POP.0014.TO.ZS,44.2693775593348,Banque mondiale
1974,SP.POP.0014.TO.ZS,44.3728095212247,Banque mondiale
1975,SP.POP.0014.TO.ZS,44.5565491673451,Banque mondiale
1976,SP.POP.0014.TO.ZS,44.8280876738123,Banque mondiale
1977,SP.POP.0014.TO.ZS,45.1957138358346,Banque mondiale
1978,SP.POP.0014.TO.ZS,45.611592758854,Banque mondiale
1979,SP.POP.0014.TO.ZS,46.0027009091611,Banque mondiale
1980,SP.POP.0014.TO.ZS,46.3521860231509,Banque mondiale
1981,SP.POP.0014.TO.ZS,46.6537122026332,Banque mondiale
1982,SP.POP.0014.TO.ZS,46.9024166305422,Banque mondiale
1983,SP.POP.0014.TO.ZS,47.0998753420031,Banque mondiale
1984,SP.POP.0014.TO.ZS,47.2448571310098,Banque mondiale
1985,SP.POP.0014.TO.ZS,47.3156358028344,Banque mondiale
1986,SP.POP.0014.TO.ZS,47.2925806665473,Banque mondiale
1987,SP.POP.0014.TO.ZS,47.1968171287266,Banque mondiale
1988,SP.POP.0014.TO.ZS,47.0466490836694,Banque mondiale
1989,SP.POP.0014.TO.ZS,46.8508231544946,Banque mondiale
1990,SP.POP.0014.TO.ZS,46.6252933900981,Banque mondiale
1991,SP.POP.0014.TO.ZS,46.3648695689395,Banque mondiale
1992,SP.POP.0014.TO.ZS,46.0696807634792,Banque mondiale
1993,SP.POP.0014.TO.ZS,45.7573600237009,Banque mondiale
1994,SP.POP.0014.TO.ZS,45.4456522772637,Banque mondiale
1995,SP.POP.0014.TO.ZS,45.1481679515186,Banque mondiale
1996,SP.POP.0014.TO.ZS,44.8691156757892,Banque mondiale
1997,SP.POP.0014.TO.ZS,44.6123846676279,Banque mondiale
1998,SP.POP.0014.TO.ZS,44.3735851764799,Banque mondiale
1999,SP.POP.0014.TO.ZS,44.1520233458676,Banque mondiale
2000,SP.POP.0014.TO.ZS,43.9460296982623,Banque mondiale
2001,SP.POP.0014.TO.ZS,43.7481432872134,Banque mondiale
2002,SP.POP.0014.TO.ZS,43.4774838351289,Banque mondiale
2003,SP.POP.0014.TO.ZS,43.2249783046188,Banque mondiale
2004,SP.POP.0014.TO.ZS,43.076328266673,Banque mondiale
2005,SP.POP.0014.TO.ZS,42.9441771560643,Banque mondiale
2006,SP.POP.0014.TO.ZS,42.8317393391854,Banque mondiale
2007,SP.POP.0014.TO.ZS,42.7468408207458,Banque mondiale
2008,SP.POP.0014.TO.ZS,42.6917462330148,Banque mondiale
2009,SP.POP.0014.TO.ZS,42.6694983841395,Banque mondiale
2010,SP.POP.0014.TO.ZS,42.6730350117181,Banque mondiale
2011,SP.POP.0014.TO.ZS,42.6848690395822,Banque mondiale
2012,SP.POP.0014.TO.ZS,42.7005059804502,Banque mondiale
2013,SP.POP.0014.TO.ZS,42.6806757189143,Banque mondiale
2014,SP.POP.0014.TO.ZS,42.5669714141041,Banque mondiale
2015,SP.POP.0014.TO.ZS,42.3643492484461,Banque mondiale
2016,SP.POP.0014.TO.ZS,42.0962643936666,Banque mondiale
2017,SP.POP.0014.TO.ZS,41.7561348863197,Banque mondiale
2018,SP.POP.0014.TO.ZS,41.338892959775,Banque mondiale
2019,SP.POP.0014.TO.ZS,40.8595094154888,Banque mondiale
2020,SP.POP.0014.TO.ZS,40.3310678021691,Banque mondiale
2021,SP.POP.0014.TO.ZS,39.7622761897608,Banque mondiale
2022,SP.POP.0014.TO.ZS,39.1603034665879,Banque mondiale
2023,SP.POP.0014.TO.ZS,38.6295981592884,Banque mondiale
2024,SP.POP.0014.TO.ZS,38.1823663294065,Banque mondiale
1960,SP.POP.1564.TO.ZS,53.0106495032636,Banque mondiale
1961,SP.POP.1564.TO.ZS,52.9488487141246,Banque mondiale
1962,SP.POP.1564.TO.ZS,52.9360524617954,Banque mondiale
1963,SP.POP.1564.TO.ZS,52.925505032968,Banque mondiale
1964,SP.POP.1564.TO.ZS,52.9149502791779,Banque mondiale
1965,SP.POP.1564.TO.ZS,52.9274988648726,Banque mondiale
1966,SP.POP.1564.TO.ZS,52.9628567370927,Banque mondiale
1967,SP.POP.1564.TO.ZS,53.0084821505092,Banque mondiale
1968,SP.POP.1564.TO.ZS,53.0569477164765,Banque mondiale
1969,SP.POP.1564.TO.ZS,53.0979831825962,Banque mondiale
1970,SP.POP.1564.TO.ZS,53.1236009898513,Banque mondiale
1971,SP.POP.1564.TO.ZS,53.1286995878192,Banque mondiale
1972,SP.POP.1564.TO.ZS,53.1068268605072,Banque mondiale
1973,SP.POP.1564.TO.ZS,53.0530652859193,Banque mondiale
1974,SP.POP.1564.TO.ZS,52.9483618146524,Banque mondiale
1975,SP.POP.1564.TO.ZS,52.7614048862751,Banque mondiale
1976,SP.POP.1564.TO.ZS,52.4838216590986,Banque mondiale
1977,SP.POP.1564.TO.ZS,52.1069209965753,Banque mondiale
1978,SP.POP.1564.TO.ZS,51.6787289875454,Banque mondiale
1979,SP.POP.1564.TO.ZS,51.2729018571183,Banque mondiale
1980,SP.POP.1564.TO.ZS,50.9071379377238,Banque mondiale
1981,SP.POP.1564.TO.ZS,50.5885660388779,Banque mondiale
1982,SP.POP.1564.TO.ZS,50.3219201810763,Banque mondiale
1983,SP.POP.1564.TO.ZS,50.1048936011425,Banque mondiale
1984,SP.POP.1564.TO.ZS,49.9383516555121,Banque mondiale
1985,SP.POP.1564.TO.ZS,49.8439203526588,Banque mondiale
1986,SP.POP.1564.TO.ZS,49.8406994163583,Banque mondiale
1987,SP.POP.1564.TO.ZS,49.9079330379217,Banque mondiale
1988,SP.POP.1564.TO.ZS,50.0274842934156,Banque mondiale
1989,SP.POP.1564.TO.ZS,50.190860515503,Banque mondiale
1990,SP.POP.1564.TO.ZS,50.3838470528486,Banque mondiale
1991,SP.POP.1564.TO.ZS,50.6119914365766,Banque mondiale
1992,SP.POP.1564.TO.ZS,50.8746699933096,Banque mondiale
1993,SP.POP.1564.TO.ZS,51.1554064817337,Banque mondiale
1994,SP.POP.1564.TO.ZS,51.4371391353371,Banque mondiale
1995,SP.POP.1564.TO.ZS,51.7065695791673,Banque mondiale
1996,SP.POP.1564.TO.ZS,51.9605241593318,Banque mondiale
1997,SP.POP.1564.TO.ZS,52.1958540398848,Banque mondiale
1998,SP.POP.1564.TO.ZS,52.417348840655,Banque mondiale
1999,SP.POP.1564.TO.ZS,52.6264306635151,Banque mondiale
2000,SP.POP.1564.TO.ZS,52.8249714594122,Banque mondiale
2001,SP.POP.1564.TO.ZS,53.0174654864387,Banque mondiale
2002,SP.POP.1564.TO.ZS,53.2451801577915,Banque mondiale
2003,SP.POP.1564.TO.ZS,53.4347071627217,Banque mondiale
2004,SP.POP.1564.TO.ZS,53.5395472791747,Banque mondiale
2005,SP.POP.1564.TO.ZS,53.6341463892216,Banque mondiale
2006,SP.POP.1564.TO.ZS,53.713480354444,Banque mondiale
2007,SP.POP.1564.TO.ZS,53.7671819008511,Banque mondiale
2008,SP.POP.1564.TO.ZS,53.7929417802816,Banque mondiale
2009,SP.POP.1564.TO.ZS,53.7877179685264,Banque mondiale
2010,SP.POP.1564.TO.ZS,53.7588147597081,Banque mondiale
2011,SP.POP.1564.TO.ZS,53.7310989404075,Banque mondiale
2012,SP.POP.1564.TO.ZS,53.7078017649908,Banque mondiale
2013,SP.POP.1564.TO.ZS,53.7401403808036,Banque mondiale
2014,SP.POP.1564.TO.ZS,53.8844213348809,Banque mondiale
2015,SP.POP.1564.TO.ZS,54.1120274086851,Banque mondiale
2016,SP.POP.1564.TO.ZS,54.3968395932547,Banque mondiale
2017,SP.POP.1564.TO.ZS,54.7454841926833,Banque mondiale
2018,SP.POP.1564.TO.ZS,55.161731926394,Banque mondiale
2019,SP.POP.1564.TO.ZS,55.629971072753,Banque mondiale
2020,SP.POP.1564.TO.ZS,56.1414662545808,Banque mondiale
2021,SP.POP.1564.TO.ZS,56.694618125052,Banque mondiale
2022,SP.POP.1564.TO.ZS,57.2763044893002,Banque mondiale
2023,SP.POP.1564.TO.ZS,57.780014004645,Banque mondiale
2024,SP.POP.1564.TO.ZS,58.1999109338785,Banque mondiale
1960,SP.POP.65UP.TO.ZS,2.8243976860176,Banque mondiale
1961,SP.POP.65UP.TO.ZS,2.79557673420392,Banque mondiale
1962,SP.POP.65UP.TO.ZS,2.77215532410017,Banque mondiale
1963,SP.POP.65UP.TO.ZS,2.75333884415491,Banque mondiale
1964,SP.POP.65UP.TO.ZS,2.73766951282778,Banque mondiale
1965,SP.POP.65UP.TO.ZS,2.72396817694896,Banque mondiale
1966,SP.POP.65UP.TO.ZS,2.7122071266572,Banque mondiale
1967,SP.POP.65UP.TO.ZS,2.70265703854432,Banque mondiale
1968,SP.POP.65UP.TO.ZS,2.69479838506032,Banque mondiale
1969,SP.POP.65UP.TO.ZS,2.68819405701096,Banque mondiale
1970,SP.POP.65UP.TO.ZS,2.68325598604222,Banque mondiale
1971,SP.POP.65UP.TO.ZS,2.67997924319363,Banque mondiale
1972,SP.POP.65UP.TO.ZS,2.67792903727948,Banque mondiale
1973,SP.POP.65UP.TO.ZS,2.67755715474587,Banque mondiale
1974,SP.POP.65UP.TO.ZS,2.67882866412284,Banque mondiale
1975,SP.POP.65UP.TO.ZS,2.68204594637977,Banque mondiale
1976,SP.POP.65UP.TO.ZS,2.68809066708913,Banque mondiale
1977,SP.POP.65UP.TO.ZS,2.69736516759018,Banque mondiale
1978,SP.POP.65UP.TO.ZS,2.70967825360067,Banque mondiale
1979,SP.POP.65UP.TO.ZS,2.72439723372053,Banque mondiale
1980,SP.POP.65UP.TO.ZS,2.74067603912524,Banque mondiale
1981,SP.POP.65UP.TO.ZS,2.75772175848887,Banque mondiale
1982,SP.POP.65UP.TO.ZS,2.77566318838141,Banque mondiale
1983,SP.POP.65UP.TO.ZS,2.79523105685442,Banque mondiale
1984,SP.POP.65UP.TO.ZS,2.81679121347806,Banque mondiale
1985,SP.POP.65UP.TO.ZS,2.84044384450674,Banque mondiale
1986,SP.POP.65UP.TO.ZS,2.86671991709449,Banque mondiale
1987,SP.POP.65UP.TO.ZS,2.8952498333517,Banque mondiale
1988,SP.POP.65UP.TO.ZS,2.92586662291495,Banque mondiale
1989,SP.POP.65UP.TO.ZS,2.95831633000238,Banque mondiale
1990,SP.POP.65UP.TO.ZS,2.99085955705332,Banque mondiale
1991,SP.POP.65UP.TO.ZS,3.02313899448388,Banque mondiale
1992,SP.POP.65UP.TO.ZS,3.05564924321118,Banque mondiale
1993,SP.POP.65UP.TO.ZS,3.08723349456531,Banque mondiale
1994,SP.POP.65UP.TO.ZS,3.11720858739914,Banque mondiale
1995,SP.POP.65UP.TO.ZS,3.14526246931404,Banque mondiale
1996,SP.POP.65UP.TO.ZS,3.17036016487898,Banque mondiale
1997,SP.POP.65UP.TO.ZS,3.19176129248737,Banque mondiale
1998,SP.POP.65UP.TO.ZS,3.20906598286511,Banque mondiale
1999,SP.POP.65UP.TO.ZS,3.2215459906173,Banque mondiale
2000,SP.POP.65UP.TO.ZS,3.22899884232554,Banque mondiale
2001,SP.POP.65UP.TO.ZS,3.2343912263479,Banque mondiale
2002,SP.POP.65UP.TO.ZS,3.27733600707954,Banque mondiale
2003,SP.POP.65UP.TO.ZS,3.34031453265948,Banque mondiale
2004,SP.POP.65UP.TO.ZS,3.38412445415235,Banque mondiale
2005,SP.POP.65UP.TO.ZS,3.42167645471414,Banque mondiale
2006,SP.POP.65UP.TO.ZS,3.45478030637053,Banque mondiale
2007,SP.POP.65UP.TO.ZS,3.48597727840313,Banque mondiale
2008,SP.POP.65UP.TO.ZS,3.51531198670358,Banque mondiale
2009,SP.POP.65UP.TO.ZS,3.54278364733413,Banque mondiale
2010,SP.POP.65UP.TO.ZS,3.56815022857386,Banque mondiale
2011,SP.POP.65UP.TO.ZS,3.58403202001035,Banque mondiale
2012,SP.POP.65UP.TO.ZS,3.59169225455899,Banque mondiale
2013,SP.POP.65UP.TO.ZS,3.57918390028218,Banque mondiale
2014,SP.POP.65UP.TO.ZS,3.54860725101498,Banque mondiale
2015,SP.POP.65UP.TO.ZS,3.52362334286885,Banque mondiale
2016,SP.POP.65UP.TO.ZS,3.5068960130787,Banque mondiale
2017,SP.POP.65UP.TO.ZS,3.498380920997,Banque mondiale
2018,SP.POP.65UP.TO.ZS,3.49937511383095,Banque mondiale
2019,SP.POP.65UP.TO.ZS,3.51051951175819,Banque mondiale
2020,SP.POP.65UP.TO.ZS,3.52746594325007,Banque mondiale
2021,SP.POP.65UP.TO.ZS,3.54310568518721,Banque mondiale
2022,SP.POP.65UP.TO.ZS,3.56339204411192,Banque mondiale
2023,SP.POP.65UP.TO.ZS,3.5903878360666,Banque mondiale
2024,SP.POP.65UP.TO.ZS,3.61772273671508,Banque mondiale
1961,SP.POP.GROW,2.81748096900715,Banque mondiale
1962,SP.POP.GROW,2.82073326778007,Banque mondiale
1963,SP.POP.GROW,2.82256029455455,Banque mondiale
1964,SP.POP.GROW,2.8378577001018,Banque mondiale
1965,SP.POP.GROW,2.87894325241237,Banque mondiale
1966,SP.POP.GROW,2.93109606343671,Banque mondiale
1967,SP.POP.GROW,2.9716025775211,Banque mondiale
1968,SP.POP.GROW,2.98442559728274,Banque mondiale
1969,SP.POP.GROW,2.98262882904199,Banque mondiale
1970,SP.POP.GROW,2.98509819973603,Banque mondiale
1971,SP.POP.GROW,2.98948442892748,Banque mondiale
1972,SP.POP.GROW,2.99197305396704,Banque mondiale
1973,SP.POP.GROW,2.98251676613151,Banque mondiale
1974,SP.POP.GROW,2.91017124088259,Banque mondiale
1975,SP.POP.GROW,2.77212999447369,Banque mondiale
1976,SP.POP.GROW,2.6292016172694,Banque mondiale
1977,SP.POP.GROW,2.43747874841247,Banque mondiale
1978,SP.POP.GROW,2.3357011243472,Banque mondiale
1979,SP.POP.GROW,2.39207763796717,Banque mondiale
1980,SP.POP.GROW,2.47218014471202,Banque mondiale
1981,SP.POP.GROW,2.55902817475478,Banque mondiale
1982,SP.POP.GROW,2.62972878181791,Banque mondiale
1983,SP.POP.GROW,2.68483009110068,Banque mondiale
1984,SP.POP.GROW,2.72727133941746,Banque mondiale
1985,SP.POP.GROW,2.79056064316103,Banque mondiale
1986,SP.POP.GROW,2.87458943199436,Banque mondiale
1987,SP.POP.GROW,2.91341593418838,Banque mondiale
1988,SP.POP.GROW,2.89611580449774,Banque mondiale
1989,SP.POP.GROW,2.87460998220746,Banque mondiale
1990,SP.POP.GROW,2.86848639350223,Banque mondiale
1991,SP.POP.GROW,2.84196309841074,Banque mondiale
1992,SP.POP.GROW,2.79707003044845,Banque mondiale
1993,SP.POP.GROW,2.75172642740774,Banque mondiale
1994,SP.POP.GROW,2.67683552339622,Banque mondiale
1995,SP.POP.GROW,2.56448010712284,Banque mondiale
1996,SP.POP.GROW,2.44401329997373,Banque mondiale
1997,SP.POP.GROW,2.35950995516652,Banque mondiale
1998,SP.POP.GROW,2.33643949046346,Banque mondiale
1999,SP.POP.GROW,2.37025662196919,Banque mondiale
2000,SP.POP.GROW,2.41009917724256,Banque mondiale
2001,SP.POP.GROW,2.42496943712898,Banque mondiale
2002,SP.POP.GROW,2.44966153599012,Banque mondiale
2003,SP.POP.GROW,2.40684962152091,Banque mondiale
2004,SP.POP.GROW,2.34632515714346,Banque mondiale
2005,SP.POP.GROW,2.33918136359556,Banque mondiale
2006,SP.POP.GROW,2.32792929230269,Banque mondiale
2007,SP.POP.GROW,2.32279384441662,Banque mondiale
2008,SP.POP.GROW,2.3395118470328,Banque mondiale
2009,SP.POP.GROW,2.36561415953051,Banque mondiale
2010,SP.POP.GROW,2.38690195279185,Banque mondiale
2011,SP.POP.GROW,2.52791519909846,Banque mondiale
2012,SP.POP.GROW,2.67702425205872,Banque mondiale
2013,SP.POP.GROW,2.96345954605318,Banque mondiale
2014,SP.POP.GROW,3.16757470346908,Banque mondiale
2015,SP.POP.GROW,3.07014792428801,Banque mondiale
2016,SP.POP.GROW,2.97843134010735,Banque mondiale
2017,SP.POP.GROW,2.88769908740551,Banque mondiale
2018,SP.POP.GROW,2.8004569855314,Banque mondiale
2019,SP.POP.GROW,2.71760793051867,Banque mondiale
2020,SP.POP.GROW,2.63303572524896,Banque mondiale
2021,SP.POP.GROW,2.53848919398481,Banque mondiale
2022,SP.POP.GROW,2.46764281803509,Banque mondiale
2023,SP.POP.GROW,2.38738348832592,Banque mondiale
2024,SP.POP.GROW,2.32058603495657,Banque mondiale
1960,SP.POP.TOTL,3340907.0,Banque mondiale
1961,SP.POP.TOTL,3436375.0,Banque mondiale
1962,SP.POP.TOTL,3534686.0,Banque mondiale
1963,SP.POP.TOTL,3635876.0,Banque mondiale
1964,SP.POP.TOTL,3740535.0,Banque mondiale
1965,SP.POP.TOTL,3849788.0,Banque mondiale
1966,SP.POP.TOTL,3964299.0,Banque mondiale
1967,SP.POP.TOTL,4083870.0,Banque mondiale
1968,SP.POP.TOTL,4207587.0,Banque mondiale
1969,SP.POP.TOTL,4334974.0,Banque mondiale
1970,SP.POP.TOTL,4466328.0,Banque mondiale
1971,SP.POP.TOTL,4601864.0,Banque mondiale
1972,SP.POP.TOTL,4741631.0,Banque mondiale
1973,SP.POP.TOTL,4885181.0,Banque mondiale
1974,SP.POP.TOTL,5029437.0,Banque mondiale
1975,SP.POP.TOTL,5170810.0,Banque mondiale
1976,SP.POP.TOTL,5308564.0,Banque mondiale
1977,SP.POP.TOTL,5439549.0,Banque mondiale
1978,SP.POP.TOTL,5568096.0,Banque mondiale
1979,SP.POP.TOTL,5702895.0,Banque mondiale
1980,SP.POP.TOTL,5845638.0,Banque mondiale
1981,SP.POP.TOTL,5997160.0,Banque mondiale
1982,SP.POP.TOTL,6156961.0,Banque mondiale
1983,SP.POP.TOTL,6324504.0,Banque mondiale
1984,SP.POP.TOTL,6499364.0,Banque mondiale
1985,SP.POP.TOTL,6683287.0,Banque mondiale
1986,SP.POP.TOTL,6878192.0,Banque mondiale
1987,SP.POP.TOTL,7081530.0,Banque mondiale
1988,SP.POP.TOTL,7289618.0,Banque mondiale
1989,SP.POP.TOTL,7502207.0,Banque mondiale
1990,SP.POP.TOTL,7720523.0,Banque mondiale
1991,SP.POP.TOTL,7943085.0,Banque mondiale
1992,SP.POP.TOTL,8168395.0,Banque mondiale
1993,SP.POP.TOTL,8396288.0,Banque mondiale
1994,SP.POP.TOTL,8624078.0,Banque mondiale
1995,SP.POP.TOTL,8848101.0,Banque mondiale
1996,SP.POP.TOTL,9067014.0,Banque mondiale
1997,SP.POP.TOTL,9283495.0,Banque mondiale
1998,SP.POP.TOTL,9502952.0,Banque mondiale
1999,SP.POP.TOTL,9730887.0,Banque mondiale
2000,SP.POP.TOTL,9968260.0,Banque mondiale
2001,SP.POP.TOTL,10212942.0,Banque mondiale
2002,SP.POP.TOTL,10466214.0,Banque mondiale
2003,SP.POP.TOTL,10721176.0,Banque mondiale
2004,SP.POP.TOTL,10975704.0,Banque mondiale
2005,SP.POP.TOTL,11235472.0,Banque mondiale
2006,SP.POP.TOTL,11500094.0,Banque mondiale
2007,SP.POP.TOTL,11770344.0,Banque mondiale
2008,SP.POP.TOTL,12048959.0,Banque mondiale
2009,SP.POP.TOTL,12337389.0,Banque mondiale
2010,SP.POP.TOTL,12635413.0,Banque mondiale
2011,SP.POP.TOTL,12958897.0,Banque mondiale
2012,SP.POP.TOTL,13310495.0,Banque mondiale
2013,SP.POP.TOTL,13710849.0,Banque mondiale
2014,SP.POP.TOTL,14152102.0,Banque mondiale
2015,SP.POP.TOTL,14593331.0,Banque mondiale
2016,SP.POP.TOTL,15034521.0,Banque mondiale
2017,SP.POP.TOTL,15475002.0,Banque mondiale
2018,SP.POP.TOTL,15914498.0,Banque mondiale
2019,SP.POP.TOTL,16352922.0,Banque mondiale
2020,SP.POP.TOTL,16789219.0,Banque mondiale
2021,SP.POP.TOTL,17220867.0,Banque mondiale
2022,SP.POP.TOTL,17651103.0,Banque mondiale
2023,SP.POP.TOTL,18077573.0,Banque mondiale
2024,SP.POP.TOTL,18501984.0,Banque mondiale
1960,SP.URB.TOTL.IN.ZS,22.6143820537868,Banque mondiale
1961,SP.URB.TOTL.IN.ZS,22.8452558149389,Banque mondiale
1962,SP.URB.TOTL.IN.ZS,23.3384454983395,Banque mondiale
1963,SP.URB.TOTL.IN.ZS,24.0754335379086,Banque mondiale
1964,SP.URB.TOTL.IN.ZS,24.999368992554,Banque mondiale
1965,SP.URB.TOTL.IN.ZS,26.0534009211832,Banque mondiale
1966,SP.URB.TOTL.IN.ZS,27.180678382704,Banque mondiale
1967,SP.URB.TOTL.IN.ZS,28.3243504360241,Banque mondiale
1968,SP.URB.TOTL.IN.ZS,29.427566140051,Banque mondiale
1969,SP.URB.TOTL.IN.ZS,30.4334745536924,Banque mondiale
1970,SP.URB.TOTL.IN.ZS,31.285224735856,Banque mondiale
1971,SP.URB.TOTL.IN.ZS,31.9442434147881,Banque mondiale
1972,SP.URB.TOTL.IN.ZS,32.5068747527782,Banque mondiale
1973,SP.URB.TOTL.IN.ZS,33.0227731241423,Banque mondiale
1974,SP.URB.TOTL.IN.ZS,33.4982797776148,Banque mondiale
1975,SP.URB.TOTL.IN.ZS,33.9429165602491,Banque mondiale
1976,SP.URB.TOTL.IN.ZS,34.36651179273,Banque mondiale
1977,SP.URB.TOTL.IN.ZS,34.7794251098707,Banque mondiale
1978,SP.URB.TOTL.IN.ZS,35.1840286724051,Banque mondiale
1979,SP.URB.TOTL.IN.ZS,35.5789615992574,Banque mondiale
1980,SP.URB.TOTL.IN.ZS,35.963042872512,Banque mondiale
1981,SP.URB.TOTL.IN.ZS,36.3350914742532,Banque mondiale
1982,SP.URB.TOTL.IN.ZS,36.6939263865655,Banque mondiale
1983,SP.URB.TOTL.IN.ZS,37.0383665915331,Banque mondiale
1984,SP.URB.TOTL.IN.ZS,37.3672310712406,Banque mondiale
1985,SP.URB.TOTL.IN.ZS,37.6793388077723,Banque mondiale
1986,SP.URB.TOTL.IN.ZS,37.9735087832125,Banque mondiale
1987,SP.URB.TOTL.IN.ZS,38.2485599796457,Banque mondiale
1988,SP.URB.TOTL.IN.ZS,38.5031519344395,Banque mondiale
1989,SP.URB.TOTL.IN.ZS,38.7355083854582,Banque mondiale
1990,SP.URB.TOTL.IN.ZS,38.9466557465895,Banque mondiale
1991,SP.URB.TOTL.IN.ZS,39.1402262390545,Banque mondiale
1992,SP.URB.TOTL.IN.ZS,39.3197068566225,Banque mondiale
1993,SP.URB.TOTL.IN.ZS,39.4885845930629,Banque mondiale
1994,SP.URB.TOTL.IN.ZS,39.6503464421449,Banque mondiale
1995,SP.URB.TOTL.IN.ZS,39.808479397638,Banque mondiale
1996,SP.URB.TOTL.IN.ZS,39.9664704533115,Banque mondiale
1997,SP.URB.TOTL.IN.ZS,40.1278066029348,Banque mondiale
1998,SP.URB.TOTL.IN.ZS,40.2959748402772,Banque mondiale
1999,SP.URB.TOTL.IN.ZS,40.474462159108,Banque mondiale
2000,SP.URB.TOTL.IN.ZS,40.6667555531967,Banque mondiale
2001,SP.URB.TOTL.IN.ZS,40.8763420163126,Banque mondiale
2002,SP.URB.TOTL.IN.ZS,41.1081471561292,Banque mondiale
2003,SP.URB.TOTL.IN.ZS,41.35893934855,Banque mondiale
2004,SP.URB.TOTL.IN.ZS,41.6248193895895,Banque mondiale
2005,SP.URB.TOTL.IN.ZS,41.9057599695838,Banque mondiale
2006,SP.URB.TOTL.IN.ZS,42.2046413043069,Banque mondiale
2007,SP.URB.TOTL.IN.ZS,42.524343609533,Banque mondiale
2008,SP.URB.TOTL.IN.ZS,42.867747101036,Banque mondiale
2009,SP.URB.TOTL.IN.ZS,43.23773199459,Banque mondiale
2010,SP.URB.TOTL.IN.ZS,43.6371785059692,Banque mondiale
2011,SP.URB.TOTL.IN.ZS,44.0689668509475,Banque mondiale
2012,SP.URB.TOTL.IN.ZS,44.5359772452989,Banque mondiale
2013,SP.URB.TOTL.IN.ZS,45.0398750539456,Banque mondiale
2014,SP.URB.TOTL.IN.ZS,45.6020905341588,Banque mondiale
2015,SP.URB.TOTL.IN.ZS,46.2747669629858,Banque mondiale
2016,SP.URB.TOTL.IN.ZS,47.0553579909929,Banque mondiale
2017,SP.URB.TOTL.IN.ZS,47.9338349639053,Banque mondiale
2018,SP.URB.TOTL.IN.ZS,48.9001692274485,Banque mondiale
2019,SP.URB.TOTL.IN.ZS,49.9443321273477,Banque mondiale
2020,SP.URB.TOTL.IN.ZS,51.0562950093282,Banque mondiale
2021,SP.URB.TOTL.IN.ZS,52.2260292191155,Banque mondiale
2022,SP.URB.TOTL.IN.ZS,53.4435061024348,Banque mondiale
2023,SP.URB.TOTL.IN.ZS,54.6992276190794,Banque mondiale
2024,SP.URB.TOTL.IN.ZS,55.2368169057304,Banque mondiale
